instance_id,seed,demand_volatility,n_scenarios,ef_time,ef_objective
arch_round2_s50_v0.2_k20,50,0.2,20,0.29358366599990404,2038.1615751992897
arch_round2_s50_v0.2_k30,50,0.2,30,0.07282629099972837,2065.2719495955735
arch_round2_s50_v0.2_k40,50,0.2,40,0.15846033399975568,2043.8768732486192
arch_round2_s50_v0.2_k60,50,0.2,60,0.25575025000034657,2016.3690734146467
arch_round2_s50_v0.3_k20,50,0.3,20,0.11463000000003376,2037.741040047459
arch_round2_s50_v0.3_k30,50,0.3,30,0.0537935419997666,2123.4691781776355
arch_round2_s50_v0.3_k40,50,0.3,40,0.07699245900039386,2055.335248793942
arch_round2_s50_v0.3_k60,50,0.3,60,0.13220479200026602,2025.3393515753703
arch_round2_s51_v0.2_k20,51,0.2,20,0.17638695899950108,1932.4495943737306
arch_round2_s51_v0.2_k30,51,0.2,30,0.05284462500094378,2000.3117134297488
arch_round2_s51_v0.2_k40,51,0.2,40,0.07582000000002154,2024.011648034118
arch_round2_s51_v0.2_k60,51,0.2,60,0.2647772079999413,1963.7419593389159
arch_round2_s51_v0.3_k20,51,0.3,20,0.06954299999961222,1933.1095480112522
arch_round2_s51_v0.3_k30,51,0.3,30,0.053299207998861675,2081.03815607371
arch_round2_s51_v0.3_k40,51,0.3,40,0.07655804099886154,2117.381410323322
arch_round2_s51_v0.3_k60,51,0.3,60,0.1318757499993808,1980.4810887703097
arch_round2_s52_v0.2_k20,52,0.2,20,0.03253329200015287,1905.2567953490816
arch_round2_s52_v0.2_k30,52,0.2,30,0.05281891699996777,1878.7227034799407
arch_round2_s52_v0.2_k40,52,0.2,40,0.07626800000070943,1847.211646525642
arch_round2_s52_v0.2_k60,52,0.2,60,0.695599749999019,1821.0571758150484
arch_round2_s52_v0.3_k20,52,0.3,20,0.032645291999870096,1990.4062063778792
arch_round2_s52_v0.3_k30,52,0.3,30,0.05380775000048743,1963.3137619133486
arch_round2_s52_v0.3_k40,52,0.3,40,0.07841554099832138,1912.808406086767
arch_round2_s52_v0.3_k60,52,0.3,60,0.14696512499904202,1826.95481464047
arch_round2_s53_v0.2_k20,53,0.2,20,0.032765500000095926,1814.867151974601
arch_round2_s53_v0.2_k30,53,0.2,30,0.18791341600081068,1823.616574644068
arch_round2_s53_v0.2_k40,53,0.2,40,0.13028012500035402,1828.3613264023795
arch_round2_s53_v0.2_k60,53,0.2,60,0.38896508300058485,1816.5084393008326
arch_round2_s53_v0.3_k20,53,0.3,20,0.03475175000130548,1849.579565036565
arch_round2_s53_v0.3_k30,53,0.3,30,0.05574049999995623,1857.4074136471233
arch_round2_s53_v0.3_k40,53,0.3,40,0.08062425000025542,1868.3670216087817
arch_round2_s53_v0.3_k60,53,0.3,60,0.13451549999990675,1831.207483580948
arch_round2_s54_v0.2_k20,54,0.2,20,0.031910875000903616,1964.3241870354268
arch_round2_s54_v0.2_k30,54,0.2,30,0.083184249999249,2033.2696381465717
arch_round2_s54_v0.2_k40,54,0.2,40,0.0773191250009404,2010.9239613232467
arch_round2_s54_v0.2_k60,54,0.2,60,0.13385312500031432,2045.2616322441193
arch_round2_s54_v0.3_k20,54,0.3,20,0.031482874999710475,1971.354121862893
arch_round2_s54_v0.3_k30,54,0.3,30,0.05297204199996486,2077.3402021799766
arch_round2_s54_v0.3_k40,54,0.3,40,0.07606925000072806,2034.8723513461268
arch_round2_s54_v0.3_k60,54,0.3,60,0.13326695800060406,2122.9108783414936
arch_round2_s55_v0.2_k20,55,0.2,20,0.08115883300160931,2189.8944913646556
arch_round2_s55_v0.2_k30,55,0.2,30,0.1361740419997659,2201.644722290799
arch_round2_s55_v0.2_k40,55,0.2,40,0.07863637500122422,2218.718557048506
arch_round2_s55_v0.2_k60,55,0.2,60,0.41798991699943144,2165.382084823743
arch_round2_s55_v0.3_k20,55,0.3,20,0.03274004199920455,2219.484172761092
arch_round2_s55_v0.3_k30,55,0.3,30,0.05370033399958629,2240.734343592849
arch_round2_s55_v0.3_k40,55,0.3,40,0.07640799999899173,2289.580982635137
arch_round2_s55_v0.3_k60,55,0.3,60,0.1332905409999512,2181.0902424475576
arch_round2_s56_v0.2_k20,56,0.2,20,0.03482708399860712,2363.0679507925515
arch_round2_s56_v0.2_k30,56,0.2,30,0.05569933399965521,2291.171552958801
arch_round2_s56_v0.2_k40,56,0.2,40,0.08321908299876668,2310.190382375222
arch_round2_s56_v0.2_k60,56,0.2,60,0.1337437919992226,2298.8725493399456
arch_round2_s56_v0.3_k20,56,0.3,20,0.03341016699960164,2457.481235204028
arch_round2_s56_v0.3_k30,56,0.3,30,0.053932292001263704,2338.5496645213975
arch_round2_s56_v0.3_k40,56,0.3,40,0.07901379100076156,2362.593278518752
arch_round2_s56_v0.3_k60,56,0.3,60,0.13401141600115807,2361.1660731996026
arch_round2_s57_v0.2_k20,57,0.2,20,0.07053212499886286,2037.2272299780725
arch_round2_s57_v0.2_k30,57,0.2,30,0.0527113330008433,2077.03860339343
arch_round2_s57_v0.2_k40,57,0.2,40,0.3089930420010205,2019.3725813120975
arch_round2_s57_v0.2_k60,57,0.2,60,0.12917374999960884,2066.0031116327787
arch_round2_s57_v0.3_k20,57,0.3,20,0.03215754200027732,2059.479732024135
arch_round2_s57_v0.3_k30,57,0.3,30,0.05348466700161225,2157.8632378225884
arch_round2_s57_v0.3_k40,57,0.3,40,0.0759577500011801,2038.8153553039735
arch_round2_s57_v0.3_k60,57,0.3,60,0.13425129099960031,2160.139025576925
arch_round2_s58_v0.2_k20,58,0.2,20,0.07016600000133622,2082.9301695050926
arch_round2_s58_v0.2_k30,58,0.2,30,0.11835925000013958,2099.226987259519
arch_round2_s58_v0.2_k40,58,0.2,40,0.0772887080001965,2145.9332357667918
arch_round2_s58_v0.2_k60,58,0.2,60,0.1330738750002638,2135.00115740453
arch_round2_s58_v0.3_k20,58,0.3,20,0.033055874999263324,2110.2922985916484
arch_round2_s58_v0.3_k30,58,0.3,30,0.05448662500020873,2128.9907893949344
arch_round2_s58_v0.3_k40,58,0.3,40,0.07605579200026114,2257.6397109523455
arch_round2_s58_v0.3_k60,58,0.3,60,0.13458929099942907,2203.1946988801465
arch_round2_s59_v0.2_k20,59,0.2,20,0.03364191699984076,1933.5299770787315
arch_round2_s59_v0.2_k30,59,0.2,30,0.05371408300015901,1969.9031206760608
arch_round2_s59_v0.2_k40,59,0.2,40,0.07684691700160329,1978.017405359652
arch_round2_s59_v0.2_k60,59,0.2,60,0.7145452919994568,1928.7496619433
arch_round2_s59_v0.3_k20,59,0.3,20,0.03228345800016541,1963.632880966119
arch_round2_s59_v0.3_k30,59,0.3,30,0.05286066699954972,2024.443155110018
arch_round2_s59_v0.3_k40,59,0.3,40,0.07622887499928765,2051.375530127036
arch_round2_s59_v0.3_k60,59,0.3,60,0.13884133299870882,1942.1663932199544
arch_round2_s60_v0.2_k20,60,0.2,20,0.07378229200003261,2067.214091583911
arch_round2_s60_v0.2_k30,60,0.2,30,0.1574045830002433,2064.745107025886
arch_round2_s60_v0.2_k40,60,0.2,40,0.07913820799876703,2093.39606566402
arch_round2_s60_v0.2_k60,60,0.2,60,0.13574154200068733,2123.5006250244223
arch_round2_s60_v0.3_k20,60,0.3,20,0.03382537500147009,2074.5245660369906
arch_round2_s60_v0.3_k30,60,0.3,30,0.05815837500085763,2081.572132592786
arch_round2_s60_v0.3_k40,60,0.3,40,0.07734229100060475,2146.098638607065
arch_round2_s60_v0.3_k60,60,0.3,60,0.13506449999840697,2210.820026938264
